id,value,size,amount
1,0.0660924327,8422,3
2,-0.2533106662,2738,9
3,0.1293063466,2925,10
4,-0.2420789913,1104,1